"Time","entity_id","Verbrauch"
1693141200000,stromverbrauch_gesamt,0.4834738351254373
1693144800000,stromverbrauch_gesamt,0.991387214935628
1693148400000,stromverbrauch_gesamt,0.8620734528628873
1693152000000,stromverbrauch_gesamt,0.5344432748538566
1693155600000,stromverbrauch_gesamt,0.3199777777778081
1693159200000,stromverbrauch_gesamt,1.0974999999999682
1693162800000,stromverbrauch_gesamt,1.0335000000000605
1693166400000,stromverbrauch_gesamt,0.6499999999999773
1693170000000,stromverbrauch_gesamt,0.3499999999999659
1693173600000,stromverbrauch_gesamt,0.30000000000001137
1693177200000,stromverbrauch_gesamt,0.25
1693180800000,stromverbrauch_gesamt,0.19999999999998863
1693184400000,stromverbrauch_gesamt,0.19999999999998863
1693188000000,stromverbrauch_gesamt,0.25000000000005684
1693191600000,stromverbrauch_gesamt,0.2999999999999545
1693195200000,stromverbrauch_gesamt,0.35000000000002274
1693198800000,stromverbrauch_gesamt,0.5364782608695577
1693202400000,stromverbrauch_gesamt,0.3822099111733337
1693206000000,stromverbrauch_gesamt,0.4977314708142444
1693209600000,stromverbrauch_gesamt,0.4661652628033153
1693213200000,stromverbrauch_gesamt,0.5025321156160771
1693216800000,stromverbrauch_gesamt,0.4869519442406727
1693220400000,stromverbrauch_gesamt,0.5373889784079324
1693224000000,stromverbrauch_gesamt,0.5181658184509956
1693227600000,stromverbrauch_gesamt,0.4347365979841129
1693231200000,stromverbrauch_gesamt,0.41153487773510733
1693234800000,stromverbrauch_gesamt,0.4254647619046068
1693238400000,stromverbrauch_gesamt,0.3887375609756418
1693242000000,stromverbrauch_gesamt,0.6364024390243799
1693245600000,stromverbrauch_gesamt,0.5925000000000296
1693249200000,stromverbrauch_gesamt,0.5500000000000114
1693252800000,stromverbrauch_gesamt,0.39999999999997726
1693256400000,stromverbrauch_gesamt,0.30000000000001137
1693260000000,stromverbrauch_gesamt,0.2999999999999545
1693263600000,stromverbrauch_gesamt,0.25000000000005684
1693267200000,stromverbrauch_gesamt,0.19999999999998863
1693270800000,stromverbrauch_gesamt,0.25
1693274400000,stromverbrauch_gesamt,0.2999999999999545
1693278000000,stromverbrauch_gesamt,0.25000000000005684
1693281600000,stromverbrauch_gesamt,0.2999999999999545
1693285200000,stromverbrauch_gesamt,0.3529999999999518
1693288800000,stromverbrauch_gesamt,0.2387600000001271
1693292400000,stromverbrauch_gesamt,0.321396249999907
1693296000000,stromverbrauch_gesamt,0.3156868872549694
1693299600000,stromverbrauch_gesamt,0.26578186274514337
1693303200000,stromverbrauch_gesamt,0.6676950000000375
1693306800000,stromverbrauch_gesamt,0.8729364102563295
1693310400000,stromverbrauch_gesamt,0.736891415830371
1693314000000,stromverbrauch_gesamt,0.25366796338687436
1693317600000,stromverbrauch_gesamt,0.34271518397764567
1693321200000,stromverbrauch_gesamt,0.45204700819988375
1693324800000,stromverbrauch_gesamt,0.5710624677869873
1693328400000,stromverbrauch_gesamt,0.3016204201269943
1693332000000,stromverbrauch_gesamt,0.4320248447205586
1693335600000,stromverbrauch_gesamt,0.5357142857142208
1693339200000,stromverbrauch_gesamt,0.4000000000000341
1693342800000,stromverbrauch_gesamt,0.3499999999999659
1693346400000,stromverbrauch_gesamt,0.25000000000005684
1693350000000,stromverbrauch_gesamt,0.1999999999999318
1693353600000,stromverbrauch_gesamt,0.25
1693357200000,stromverbrauch_gesamt,0.25000000000005684
1693360800000,stromverbrauch_gesamt,0.30000000000001137
1693364400000,stromverbrauch_gesamt,0.24999999999994316
1693368000000,stromverbrauch_gesamt,0.35000000000002274
1693371600000,stromverbrauch_gesamt,0.5178888888888764
1693375200000,stromverbrauch_gesamt,0.49540688575899594
1693378800000,stromverbrauch_gesamt,0.4434652872990341
1693382400000,stromverbrauch_gesamt,0.4030101244937896
1693386000000,stromverbrauch_gesamt,0.4165229312064298
1693389600000,stromverbrauch_gesamt,0.44674873949543326
1693393200000,stromverbrauch_gesamt,0.602022932331181
1693396800000,stromverbrauch_gesamt,0.4861649797570067
1693400400000,stromverbrauch_gesamt,0.44286679174479104
1693404000000,stromverbrauch_gesamt,0.5050487804878117
1693407600000,stromverbrauch_gesamt,0.7402095907401076
1693411200000,stromverbrauch_gesamt,1.4303233130795547
1693414800000,stromverbrauch_gesamt,1.4729523336644093
1693418400000,stromverbrauch_gesamt,0.9883684210524848
1693422000000,stromverbrauch_gesamt,0.7000000000001023
1693425600000,stromverbrauch_gesamt,0.39999999999997726
1693429200000,stromverbrauch_gesamt,0.30000000000001137
1693432800000,stromverbrauch_gesamt,0.2999999999999545
1693436400000,stromverbrauch_gesamt,0.25000000000005684
1693440000000,stromverbrauch_gesamt,0.14999999999997726
1693443600000,stromverbrauch_gesamt,0.20000000000004547
1693447200000,stromverbrauch_gesamt,0.2999999999999545
1693450800000,stromverbrauch_gesamt,0.25
1693454400000,stromverbrauch_gesamt,0.30000000000001137
1693458000000,stromverbrauch_gesamt,0.46750000000002956
1693461600000,stromverbrauch_gesamt,0.3861559139783708
1693465200000,stromverbrauch_gesamt,0.4220667750970506
1693468800000,stromverbrauch_gesamt,0.4607342074764347
1693472400000,stromverbrauch_gesamt,0.43811327888664664
1693476000000,stromverbrauch_gesamt,0.4805843700161745
1693479600000,stromverbrauch_gesamt,0.4493454545452664
1693483200000,stromverbrauch_gesamt,0.46570895522387445
1693486800000,stromverbrauch_gesamt,0.4429728629580154
1693490400000,stromverbrauch_gesamt,0.3557556818181524
1693494000000,stromverbrauch_gesamt,0.46331249999997226
1693497600000,stromverbrauch_gesamt,0.4607833333332678
1693501200000,stromverbrauch_gesamt,0.5616137254903038
1693504800000,stromverbrauch_gesamt,0.5621529411764641
1693508400000,stromverbrauch_gesamt,0.7802000000000362
1693512000000,stromverbrauch_gesamt,0.8999999999999204
1693515600000,stromverbrauch_gesamt,0.5
1693519200000,stromverbrauch_gesamt,0.30000000000001137
1693522800000,stromverbrauch_gesamt,0.25
1693526400000,stromverbrauch_gesamt,0.19999999999998863
1693530000000,stromverbrauch_gesamt,0.25
1693533600000,stromverbrauch_gesamt,0.25
1693537200000,stromverbrauch_gesamt,0.25
1693540800000,stromverbrauch_gesamt,0.35000000000002274
1693544400000,stromverbrauch_gesamt,0.4624545454544773
1693548000000,stromverbrauch_gesamt,0.4377240259740347
1693551600000,stromverbrauch_gesamt,0.5674096638655897
1693555200000,stromverbrauch_gesamt,0.979456209150328
1693558800000,stromverbrauch_gesamt,0.7300626984126097
1693562400000,stromverbrauch_gesamt,0.5814642857144463
1693566000000,stromverbrauch_gesamt,0.5392362637363135
1693569600000,stromverbrauch_gesamt,0.46563090418328557
1693573200000,stromverbrauch_gesamt,0.3778805524451627
1693576800000,stromverbrauch_gesamt,0.3549885433714053
1693580400000,stromverbrauch_gesamt,0.3398759811616969
1693584000000,stromverbrauch_gesamt,0.3251163265305763
1693587600000,stromverbrauch_gesamt,0.2865125000001285
1693591200000,stromverbrauch_gesamt,0.4131874999998786
1693594800000,stromverbrauch_gesamt,0.5500000000000682
1693598400000,stromverbrauch_gesamt,0.44999999999998863
1693602000000,stromverbrauch_gesamt,0.30000000000001137
1693605600000,stromverbrauch_gesamt,0.24999999999994316
1693609200000,stromverbrauch_gesamt,0.30000000000001137
1693612800000,stromverbrauch_gesamt,0.3000000000000682
1693616400000,stromverbrauch_gesamt,0.2999999999999545
1693620000000,stromverbrauch_gesamt,0.30000000000001137
1693623600000,stromverbrauch_gesamt,0.25
1693627200000,stromverbrauch_gesamt,0.25
1693630800000,stromverbrauch_gesamt,0.42192307692317854
1693634400000,stromverbrauch_gesamt,0.9265556464810061
1693638000000,stromverbrauch_gesamt,0.6831906314345702
1693641600000,stromverbrauch_gesamt,0.633903294733841
1693645200000,stromverbrauch_gesamt,0.3245797313797425
1693648800000,stromverbrauch_gesamt,0.46082261904780353
1693652400000,stromverbrauch_gesamt,0.4124213963964394
1693656000000,stromverbrauch_gesamt,0.33471723996700575
1693659600000,stromverbrauch_gesamt,0.37600684556400665
1693663200000,stromverbrauch_gesamt,0.4032160565338927
1693666800000,stromverbrauch_gesamt,0.3799910477454205
1693670400000,stromverbrauch_gesamt,0.47830476673419753
1693674000000,stromverbrauch_gesamt,0.5198676470589021
1693677600000,stromverbrauch_gesamt,0.44549999999998136
1693681200000,stromverbrauch_gesamt,0.4000000000000341
1693684800000,stromverbrauch_gesamt,0.39999999999997726
1693688400000,stromverbrauch_gesamt,0.35000000000002274
1693692000000,stromverbrauch_gesamt,0.2999999999999545
1693695600000,stromverbrauch_gesamt,0.30000000000001137
1693699200000,stromverbrauch_gesamt,0.3000000000000682
1693702800000,stromverbrauch_gesamt,0.24999999999994316
1693706400000,stromverbrauch_gesamt,0.20000000000004547
1693710000000,stromverbrauch_gesamt,0.24999999999994316
1693713600000,stromverbrauch_gesamt,0.3000000000000682
1693717200000,stromverbrauch_gesamt,0.6099999999999
1693720800000,stromverbrauch_gesamt,0.5270526315789539
1693724400000,stromverbrauch_gesamt,0.37037161084526815
1693728000000,stromverbrauch_gesamt,0.415004329004546
1693731600000,stromverbrauch_gesamt,0.4387097264436193
1693735200000,stromverbrauch_gesamt,0.3758269195188859
1693738800000,stromverbrauch_gesamt,0.6122027826087901
1693742400000,stromverbrauch_gesamt,0.813196406779582
1693746000000,stromverbrauch_gesamt,0.6928620083146484
1693749600000,stromverbrauch_gesamt,0.314235123367439
1693753200000,stromverbrauch_gesamt,0.3316254180601277
1693756800000,stromverbrauch_gesamt,0.36933239831677156
1693760400000,stromverbrauch_gesamt,0.8842473118280623
1693764000000,stromverbrauch_gesamt,0.655333333333374
1693767600000,stromverbrauch_gesamt,0.39999999999997726
1693771200000,stromverbrauch_gesamt,0.35000000000002274
1693774800000,stromverbrauch_gesamt,0.2999999999999545
1693778400000,stromverbrauch_gesamt,0.25000000000005684
1693782000000,stromverbrauch_gesamt,0.24999999999994316
1693785600000,stromverbrauch_gesamt,0.3000000000000682
1693789200000,stromverbrauch_gesamt,0.2999999999999545
1693792800000,stromverbrauch_gesamt,0.30000000000001137
1693796400000,stromverbrauch_gesamt,0.30000000000001137
1693800000000,stromverbrauch_gesamt,0.44999999999998863
1693803600000,stromverbrauch_gesamt,0.577238095238215
1693807200000,stromverbrauch_gesamt,0.4408944348822388
1693810800000,stromverbrauch_gesamt,0.422371602110843
1693814400000,stromverbrauch_gesamt,0.46949586776878505
1693818000000,stromverbrauch_gesamt,0.4503846153844506
1693821600000,stromverbrauch_gesamt,0.4801952165483385
1693825200000,stromverbrauch_gesamt,0.4739831932772631
1693828800000,stromverbrauch_gesamt,1.0036591970119844
1693832400000,stromverbrauch_gesamt,0.9942098765431524
1693836000000,stromverbrauch_gesamt,1.3706800507674757
1693839600000,stromverbrauch_gesamt,0.9079998504673199
1693843200000,stromverbrauch_gesamt,0.9011251134022018
1693846800000,stromverbrauch_gesamt,0.5597102550187856
1693850400000,stromverbrauch_gesamt,1.0820526315789607
1693854000000,stromverbrauch_gesamt,2.1000000000000227
1693857600000,stromverbrauch_gesamt,1.849999999999909
1693861200000,stromverbrauch_gesamt,0.650000000000091
1693864800000,stromverbrauch_gesamt,0.3499999999999659
1693868400000,stromverbrauch_gesamt,0.30000000000001137
1693872000000,stromverbrauch_gesamt,0.25
1693875600000,stromverbrauch_gesamt,0.25
1693879200000,stromverbrauch_gesamt,0.25
1693882800000,stromverbrauch_gesamt,0.25
1693886400000,stromverbrauch_gesamt,0.6499999999999773
1693890000000,stromverbrauch_gesamt,1.0424999999999613
1693893600000,stromverbrauch_gesamt,1.1515000000001123
1693897200000,stromverbrauch_gesamt,0.4010416666667993
1693900800000,stromverbrauch_gesamt,0.29351005747111003
1693904400000,stromverbrauch_gesamt,0.3218157972294762
1693908000000,stromverbrauch_gesamt,0.31738037779223305
1693911600000,stromverbrauch_gesamt,0.31091311778942554
1693915200000,stromverbrauch_gesamt,0.30814096324883167
1693918800000,stromverbrauch_gesamt,0.332312773900469
1693922400000,stromverbrauch_gesamt,0.34003376075287406
1693926000000,stromverbrauch_gesamt,0.33085148514862794
1693929600000,stromverbrauch_gesamt,0.376584269662942
1693933200000,stromverbrauch_gesamt,0.5652728731943171
1693936800000,stromverbrauch_gesamt,0.3691428571427764
1693940400000,stromverbrauch_gesamt,0.3500000000000796
1693944000000,stromverbrauch_gesamt,0.3499999999999659
1693947600000,stromverbrauch_gesamt,0.44999999999998863
1693951200000,stromverbrauch_gesamt,0.6999999999999886
1693954800000,stromverbrauch_gesamt,0.5000000000000568
1693958400000,stromverbrauch_gesamt,0.1999999999999318
1693962000000,stromverbrauch_gesamt,0.25000000000005684
1693965600000,stromverbrauch_gesamt,0.24999999999994316
1693969200000,stromverbrauch_gesamt,0.25000000000005684
1693972800000,stromverbrauch_gesamt,0.4499999999999318
1693976400000,stromverbrauch_gesamt,0.57000000000005
1693980000000,stromverbrauch_gesamt,0.5366507936507219
1693983600000,stromverbrauch_gesamt,0.38742358651427367
1693987200000,stromverbrauch_gesamt,0.46453245744174865
1693990800000,stromverbrauch_gesamt,0.43159655222376614
1693994400000,stromverbrauch_gesamt,0.4191624638281155
1693998000000,stromverbrauch_gesamt,0.9557489004396871
1694001600000,stromverbrauch_gesamt,0.34103618929799495
1694005200000,stromverbrauch_gesamt,0.2786585804131505
1694008800000,stromverbrauch_gesamt,0.30271221532109394
1694012400000,stromverbrauch_gesamt,0.31638735177870103
1694016000000,stromverbrauch_gesamt,0.30952620320834967
1694019600000,stromverbrauch_gesamt,0.5159932773109972
1694023200000,stromverbrauch_gesamt,1.0935714285714084
1694026800000,stromverbrauch_gesamt,0.5499999999999545
1694030400000,stromverbrauch_gesamt,0.3250000000000455
1694034000000,stromverbrauch_gesamt,0.42500000000001137
1694037600000,stromverbrauch_gesamt,0.6999999999999318
1694041200000,stromverbrauch_gesamt,0.8000000000000682
1694044800000,stromverbrauch_gesamt,0.44999999999998863
1694048400000,stromverbrauch_gesamt,0.19999999999998863
1694052000000,stromverbrauch_gesamt,0.25
1694055600000,stromverbrauch_gesamt,0.2999999999999545
1694059200000,stromverbrauch_gesamt,0.5999999999999659
1694062800000,stromverbrauch_gesamt,0.695666666666682
1694066400000,stromverbrauch_gesamt,0.3865208333334067
1694070000000,stromverbrauch_gesamt,0.2750667372878297
1694073600000,stromverbrauch_gesamt,0.37179576271216774
1694077200000,stromverbrauch_gesamt,0.3163822033899919
1694080800000,stromverbrauch_gesamt,0.36020645207207735
1694084400000,stromverbrauch_gesamt,0.38503634453809354
1694088000000,stromverbrauch_gesamt,0.37149931192647045
1694091600000,stromverbrauch_gesamt,0.33346060870826477
1694095200000,stromverbrauch_gesamt,0.3268963293650131
1694098800000,stromverbrauch_gesamt,0.29913541666684296
1694102400000,stromverbrauch_gesamt,0.2585284552845337
1694106000000,stromverbrauch_gesamt,0.44894773519160935
1694109600000,stromverbrauch_gesamt,0.439857142857079
1694113200000,stromverbrauch_gesamt,0.25000000000005684
1694116800000,stromverbrauch_gesamt,0.3499999999999659
1694120400000,stromverbrauch_gesamt,0.25
1694124000000,stromverbrauch_gesamt,0.19999999999998863
1694127600000,stromverbrauch_gesamt,0.25
1694131200000,stromverbrauch_gesamt,0.25
1694134800000,stromverbrauch_gesamt,0.25
1694138400000,stromverbrauch_gesamt,0.25
1694142000000,stromverbrauch_gesamt,0.25
1694145600000,stromverbrauch_gesamt,0.35000000000002274
1694149200000,stromverbrauch_gesamt,0.3442999999999756
1694152800000,stromverbrauch_gesamt,0.31283333333340124
1694156400000,stromverbrauch_gesamt,0.2790011204482994
1694160000000,stromverbrauch_gesamt,0.3401764705880055
1694163600000,stromverbrauch_gesamt,0.3195057422969967
1694167200000,stromverbrauch_gesamt,0.3180908963583988
1694170800000,stromverbrauch_gesamt,0.3813155774706729
1694174400000,stromverbrauch_gesamt,0.3034217193172708
1694178000000,stromverbrauch_gesamt,0.3308154576473612
1694181600000,stromverbrauch_gesamt,0.32758091965285985
1694185200000,stromverbrauch_gesamt,0.2896612422254634
1694188800000,stromverbrauch_gesamt,0.2738975206614782
1694192400000,stromverbrauch_gesamt,0.6905999999997903
1694196000000,stromverbrauch_gesamt,0.9737999999999829
1694199600000,stromverbrauch_gesamt,0.5500000000000114
1694203200000,stromverbrauch_gesamt,0.3499999999999659
1694206800000,stromverbrauch_gesamt,0.25000000000005684
1694210400000,stromverbrauch_gesamt,0.24999999999994316
1694214000000,stromverbrauch_gesamt,0.25000000000005684
1694217600000,stromverbrauch_gesamt,0.24999999999994316
1694221200000,stromverbrauch_gesamt,0.25000000000005684
1694224800000,stromverbrauch_gesamt,0.24999999999994316
1694228400000,stromverbrauch_gesamt,0.25000000000005684
1694232000000,stromverbrauch_gesamt,0.19999999999998863
1694235600000,stromverbrauch_gesamt,0.4078000000000088
1694239200000,stromverbrauch_gesamt,0.5438129032257848
1694242800000,stromverbrauch_gesamt,0.2840537634409088
1694246400000,stromverbrauch_gesamt,0.30892156862762477
1694250000000,stromverbrauch_gesamt,0.2999489547884764
1694253600000,stromverbrauch_gesamt,0.39802947658381527
1694257200000,stromverbrauch_gesamt,0.3028450980394837
1694260800000,stromverbrauch_gesamt,0.43299849170449534
1694264400000,stromverbrauch_gesamt,0.9032383922382792
1694268000000,stromverbrauch_gesamt,0.3720313513510405
1694271600000,stromverbrauch_gesamt,0.26599500000014586
1694275200000,stromverbrauch_gesamt,0.25029722222211603
1694278800000,stromverbrauch_gesamt,0.758777777777766
1694282400000,stromverbrauch_gesamt,1.2112500000000637
1694286000000,stromverbrauch_gesamt,1.25
1694289600000,stromverbrauch_gesamt,1.7000000000001023
1694293200000,stromverbrauch_gesamt,1.0499999999998977
1694296800000,stromverbrauch_gesamt,0.39999999999997726
1694300400000,stromverbrauch_gesamt,0.25
1694304000000,stromverbrauch_gesamt,0.30000000000001137
1694307600000,stromverbrauch_gesamt,0.19999999999998863
1694311200000,stromverbrauch_gesamt,0.25
1694314800000,stromverbrauch_gesamt,0.25
1694318400000,stromverbrauch_gesamt,0.30000000000001137
1694322000000,stromverbrauch_gesamt,0.45779999999996335
1694325600000,stromverbrauch_gesamt,0.3924238805971072
1694329200000,stromverbrauch_gesamt,0.33697446651052587
1694332800000,stromverbrauch_gesamt,0.2880705604554237
1694336400000,stromverbrauch_gesamt,0.29185714285705444
1694340000000,stromverbrauch_gesamt,0.32687394957991955
1694343600000,stromverbrauch_gesamt,0.39231034482736504
1694347200000,stromverbrauch_gesamt,0.34928424976726546
1694350800000,stromverbrauch_gesamt,0.3247716025885552
1694354400000,stromverbrauch_gesamt,0.40660255281687796
1694358000000,stromverbrauch_gesamt,0.30530397727250147
1694361600000,stromverbrauch_gesamt,0.3580221445224083
1694365200000,stromverbrauch_gesamt,2.1873815987933085
1694368800000,stromverbrauch_gesamt,1.6943235294117471
1694372400000,stromverbrauch_gesamt,0.5999999999999659
1694376000000,stromverbrauch_gesamt,0.44999999999998863
1694379600000,stromverbrauch_gesamt,0.30000000000001137
1694383200000,stromverbrauch_gesamt,0.6499999999999773
1694386800000,stromverbrauch_gesamt,0.8500000000000227
1694390400000,stromverbrauch_gesamt,0.4500000000000455
1694394000000,stromverbrauch_gesamt,0.24999999999994316
1694397600000,stromverbrauch_gesamt,0.25000000000005684
1694401200000,stromverbrauch_gesamt,0.26999999999992497
1694404800000,stromverbrauch_gesamt,0.37999999999999545
1694408400000,stromverbrauch_gesamt,0.38115384615389303
1694412000000,stromverbrauch_gesamt,0.34252797202799456
1694415600000,stromverbrauch_gesamt,0.344574380165227
1694419200000,stromverbrauch_gesamt,0.36005785124001477
1694422800000,stromverbrauch_gesamt,0.3818540176399665
1694426400000,stromverbrauch_gesamt,0.38600840336130204
1694430000000,stromverbrauch_gesamt,0.43054621848739316
1694433600000,stromverbrauch_gesamt,0.2697500381968325
1694437200000,stromverbrauch_gesamt,0.32264155844177367
1694440800000,stromverbrauch_gesamt,0.3793187039763666
1694444400000,stromverbrauch_gesamt,0.32168945928884796
1694448000000,stromverbrauch_gesamt,0.5370170859043242
1694451600000,stromverbrauch_gesamt,0.5095747508303816
1694455200000,stromverbrauch_gesamt,0.3832857142857051
1694458800000,stromverbrauch_gesamt,0.30000000000001137
1694462400000,stromverbrauch_gesamt,0.35000000000002274
1694466000000,stromverbrauch_gesamt,0.3499999999999659
1694469600000,stromverbrauch_gesamt,0.25000000000005684
1694473200000,stromverbrauch_gesamt,0.24999999999994316
1694476800000,stromverbrauch_gesamt,0.25000000000005684
1694480400000,stromverbrauch_gesamt,0.24999999999994316
1694484000000,stromverbrauch_gesamt,0.20000000000004547
1694487600000,stromverbrauch_gesamt,0.3499999999999659
1694491200000,stromverbrauch_gesamt,0.35000000000002274
1694494800000,stromverbrauch_gesamt,0.33962499999995543
1694498400000,stromverbrauch_gesamt,0.3614619565217936
1694502000000,stromverbrauch_gesamt,0.3575409504551317
1694505600000,stromverbrauch_gesamt,0.3195985081174513
1694509200000,stromverbrauch_gesamt,0.34128301886778445
1694512800000,stromverbrauch_gesamt,0.8867281898001238
1694516400000,stromverbrauch_gesamt,0.4208580284115442
1694520000000,stromverbrauch_gesamt,0.27742910030133316
1694523600000,stromverbrauch_gesamt,0.34564407869368097
1694527200000,stromverbrauch_gesamt,0.4528589466088988
1694530800000,stromverbrauch_gesamt,1.001161411411431
1694534400000,stromverbrauch_gesamt,0.9050965250966101
1694538000000,stromverbrauch_gesamt,0.6247142857142762
1694541600000,stromverbrauch_gesamt,0.39999999999997726
1694545200000,stromverbrauch_gesamt,0.35000000000002274
1694548800000,stromverbrauch_gesamt,0.39999999999997726
1694552400000,stromverbrauch_gesamt,0.39999999999997726
1694556000000,stromverbrauch_gesamt,0.3000000000000682
1694559600000,stromverbrauch_gesamt,0.25
1694563200000,stromverbrauch_gesamt,0.2999999999999545
1694566800000,stromverbrauch_gesamt,0.25
1694570400000,stromverbrauch_gesamt,0.2999999999999545
1694574000000,stromverbrauch_gesamt,0.20000000000004547
1694577600000,stromverbrauch_gesamt,0.2999999999999545
1694581200000,stromverbrauch_gesamt,0.35000000000002274
1694584800000,stromverbrauch_gesamt,0.3214375000000018
1694588400000,stromverbrauch_gesamt,0.21788249999997333
1694592000000,stromverbrauch_gesamt,0.22867999999994026
1694595600000,stromverbrauch_gesamt,0.3028064516130371
1694599200000,stromverbrauch_gesamt,0.20888688172044567
1694602800000,stromverbrauch_gesamt,0.2449733333334052
1694606400000,stromverbrauch_gesamt,0.32987878787866975
1694610000000,stromverbrauch_gesamt,0.2749918588874607
1694613600000,stromverbrauch_gesamt,0.41110098443925835
1694617200000,stromverbrauch_gesamt,0.321490734385975
1694620800000,stromverbrauch_gesamt,0.7628709677419465
1694624400000,stromverbrauch_gesamt,0.7019999999998845
1694628000000,stromverbrauch_gesamt,0.40000000000009095
1694631600000,stromverbrauch_gesamt,0.3999999999998636
1694635200000,stromverbrauch_gesamt,0.6000000000000227
1694638800000,stromverbrauch_gesamt,0.6499999999999773
1694642400000,stromverbrauch_gesamt,0.6000000000000227
1694646000000,stromverbrauch_gesamt,0.5
1694649600000,stromverbrauch_gesamt,0.3000000000000682
1694653200000,stromverbrauch_gesamt,0.2499999999998863
1694656800000,stromverbrauch_gesamt,0.2500000000001137
1694660400000,stromverbrauch_gesamt,0.2999999999999545
1694664000000,stromverbrauch_gesamt,0.35000000000002274
1694667600000,stromverbrauch_gesamt,0.38220000000001164
1694671200000,stromverbrauch_gesamt,0.2681333333332532
1694674800000,stromverbrauch_gesamt,0.30219727891164894
1694678400000,stromverbrauch_gesamt,0.33512494331057496
1694682000000,stromverbrauch_gesamt,0.30810550639114354
1694685600000,stromverbrauch_gesamt,0.47165939259878087
1694689200000,stromverbrauch_gesamt,0.3773795454545734
1694692800000,stromverbrauch_gesamt,0.339666101695002
1694696400000,stromverbrauch_gesamt,0.29629339197583704
1694700000000,stromverbrauch_gesamt,0.3014905063291735
1694703600000,stromverbrauch_gesamt,0.2774111570246305
1694707200000,stromverbrauch_gesamt,0.21789056711327248
1694710800000,stromverbrauch_gesamt,0.2643482758621758
1694714400000,stromverbrauch_gesamt,0.3430999999999358
1694718000000,stromverbrauch_gesamt,0.34999999999990905
1694721600000,stromverbrauch_gesamt,0.5499999999999545
1694725200000,stromverbrauch_gesamt,0.650000000000091
1694728800000,stromverbrauch_gesamt,0.4500000000000455
1694732400000,stromverbrauch_gesamt,0.2999999999999545
1694736000000,stromverbrauch_gesamt,0.3000000000000682
1694739600000,stromverbrauch_gesamt,0.25
1694743200000,stromverbrauch_gesamt,0.20000000000004547
1694746800000,stromverbrauch_gesamt,0.2499999999998863
1694750400000,stromverbrauch_gesamt,0.35000000000002274
1694754000000,stromverbrauch_gesamt,0.46174999999993815
1694757600000,stromverbrauch_gesamt,0.3600500000000011
1694761200000,stromverbrauch_gesamt,1.9607069444447234
1694764800000,stromverbrauch_gesamt,1.8425770250211144
1694768400000,stromverbrauch_gesamt,1.1668340633211756
1694772000000,stromverbrauch_gesamt,0.6590903705741766
1694775600000,stromverbrauch_gesamt,0.5057415966389271
1694779200000,stromverbrauch_gesamt,0.3116772727272519
1694782800000,stromverbrauch_gesamt,0.4398425685425309
1694786400000,stromverbrauch_gesamt,0.8799927849926235
1694790000000,stromverbrauch_gesamt,0.9348123737374863
1694793600000,stromverbrauch_gesamt,1.0563795454546607
1694797200000,stromverbrauch_gesamt,1.2171454545452889
1694800800000,stromverbrauch_gesamt,0.8874000000000706
1694804400000,stromverbrauch_gesamt,0.5249999999999773
1694808000000,stromverbrauch_gesamt,0.40000000000009095
1694811600000,stromverbrauch_gesamt,0.25
1694815200000,stromverbrauch_gesamt,0.2999999999999545
1694818800000,stromverbrauch_gesamt,0.20000000000004547
1694822400000,stromverbrauch_gesamt,0.2999999999999545
1694826000000,stromverbrauch_gesamt,0.3000000000000682
1694829600000,stromverbrauch_gesamt,0.25
1694833200000,stromverbrauch_gesamt,0.20000000000004547
1694836800000,stromverbrauch_gesamt,0.29999999999984084
1694840400000,stromverbrauch_gesamt,0.4515999999999849
1694844000000,stromverbrauch_gesamt,0.40723333333335177
1694847600000,stromverbrauch_gesamt,0.32628333333320825
1694851200000,stromverbrauch_gesamt,0.3719596045199296
1694854800000,stromverbrauch_gesamt,0.3891544980441495
1694858400000,stromverbrauch_gesamt,0.37165256410276015
1694862000000,stromverbrauch_gesamt,0.4164416666668558
1694865600000,stromverbrauch_gesamt,0.40813035714268153
1694869200000,stromverbrauch_gesamt,1.2348887288784454
1694872800000,stromverbrauch_gesamt,1.1387727970954984
1694876400000,stromverbrauch_gesamt,0.9917611656634335
1694880000000,stromverbrauch_gesamt,0.5904719512196834
1694883600000,stromverbrauch_gesamt,0.3684000000000651
1694887200000,stromverbrauch_gesamt,0.47524999999996
1694890800000,stromverbrauch_gesamt,0.5499999999999545
1694894400000,stromverbrauch_gesamt,0.40000000000009095
1694898000000,stromverbrauch_gesamt,0.3000000000000682
1694901600000,stromverbrauch_gesamt,0.25
1694905200000,stromverbrauch_gesamt,0.25
1694908800000,stromverbrauch_gesamt,0.2999999999999545
1694912400000,stromverbrauch_gesamt,0.25
1694916000000,stromverbrauch_gesamt,0.25
1694919600000,stromverbrauch_gesamt,0.25
1694923200000,stromverbrauch_gesamt,0.25
1694926800000,stromverbrauch_gesamt,0.3727142857143235
1694930400000,stromverbrauch_gesamt,0.8909327731091707
1694934000000,stromverbrauch_gesamt,1.14064398595292
1694937600000,stromverbrauch_gesamt,2.101914837576601
1694941200000,stromverbrauch_gesamt,1.4482421176467142
1694944800000,stromverbrauch_gesamt,0.5914842033903369
1694948400000,stromverbrauch_gesamt,0.3839041602462885
1694952000000,stromverbrauch_gesamt,0.4482060092449274
1694955600000,stromverbrauch_gesamt,0.47308703888325
1694959200000,stromverbrauch_gesamt,0.3066121612692996
1694962800000,stromverbrauch_gesamt,0.2846305199896051
1694966400000,stromverbrauch_gesamt,0.23925290697638957
1694970000000,stromverbrauch_gesamt,0.6683125000001837
1694973600000,stromverbrauch_gesamt,1.1190624999999272
1694977200000,stromverbrauch_gesamt,1.400000000000091
1694980800000,stromverbrauch_gesamt,1.8999999999998636
1694984400000,stromverbrauch_gesamt,1.0000000000002274
1694988000000,stromverbrauch_gesamt,0.29999999999984084
1694991600000,stromverbrauch_gesamt,0.3000000000000682
1694995200000,stromverbrauch_gesamt,0.2499999999998863
1694998800000,stromverbrauch_gesamt,0.20000000000004547
1695002400000,stromverbrauch_gesamt,0.25
1695006000000,stromverbrauch_gesamt,0.35000000000002274
1695009600000,stromverbrauch_gesamt,0.3000000000000682
1695013200000,stromverbrauch_gesamt,0.2999999999999545
1695016800000,stromverbrauch_gesamt,0.3566250000000082
1695020400000,stromverbrauch_gesamt,0.28777499999989686
1695024000000,stromverbrauch_gesamt,0.2826714285716889
1695027600000,stromverbrauch_gesamt,0.26801053864141977
1695031200000,stromverbrauch_gesamt,0.7260889729581095
1695034800000,stromverbrauch_gesamt,0.7414756115530281
1695038400000,stromverbrauch_gesamt,0.3598261755485055
1695042000000,stromverbrauch_gesamt,0.3375108792847641
1695045600000,stromverbrauch_gesamt,0.3938259172521157
1695049200000,stromverbrauch_gesamt,0.24628948609131385
1695052800000,stromverbrauch_gesamt,0.6007867043847455
1695056400000,stromverbrauch_gesamt,1.4418285714286867
1695060000000,stromverbrauch_gesamt,1.080285714285651
1695063600000,stromverbrauch_gesamt,0.7999999999999545
1695067200000,stromverbrauch_gesamt,0.3500000000001364
1695070800000,stromverbrauch_gesamt,0.34999999999990905
1695074400000,stromverbrauch_gesamt,0.2500000000001137
1695078000000,stromverbrauch_gesamt,0.2499999999998863
1695081600000,stromverbrauch_gesamt,0.20000000000004547
1695085200000,stromverbrauch_gesamt,0.2999999999999545
1695088800000,stromverbrauch_gesamt,0.20000000000004547
1695092400000,stromverbrauch_gesamt,0.32000000000005
1695096000000,stromverbrauch_gesamt,0.4799999999999045
1695099600000,stromverbrauch_gesamt,0.4348333333334722
1695103200000,stromverbrauch_gesamt,0.6172435897436799
1695106800000,stromverbrauch_gesamt,0.6310916162486819
1695110400000,stromverbrauch_gesamt,0.5999443639000219
1695114000000,stromverbrauch_gesamt,1.0723625066101476
1695117600000,stromverbrauch_gesamt,0.5684989491381884
1695121200000,stromverbrauch_gesamt,0.4342645790787856
1695124800000,stromverbrauch_gesamt,0.4121394403255181
1695128400000,stromverbrauch_gesamt,0.326279155867951
1695132000000,stromverbrauch_gesamt,0.27062024353108427
1695135600000,stromverbrauch_gesamt,0.3175555555558276
1695139200000,stromverbrauch_gesamt,0.7984880952382127
1695142800000,stromverbrauch_gesamt,0.8086785714285725
1695146400000,stromverbrauch_gesamt,0.9339999999999691
1695150000000,stromverbrauch_gesamt,0.6499999999998636
1695153600000,stromverbrauch_gesamt,0.5
1695157200000,stromverbrauch_gesamt,0.4500000000000455
1695160800000,stromverbrauch_gesamt,0.40000000000009095
1695164400000,stromverbrauch_gesamt,0.3999999999998636
1695168000000,stromverbrauch_gesamt,0.39999999999997726
1695171600000,stromverbrauch_gesamt,0.3500000000001364
1695175200000,stromverbrauch_gesamt,0.3000000000000682
1695178800000,stromverbrauch_gesamt,0.34999999999979536
1695182400000,stromverbrauch_gesamt,0.5000000000001137
1695186000000,stromverbrauch_gesamt,0.5327000000000908
1695189600000,stromverbrauch_gesamt,0.2946999999999207
1695193200000,stromverbrauch_gesamt,0.4216425531913046
1695196800000,stromverbrauch_gesamt,0.36258244680868756
1695200400000,stromverbrauch_gesamt,0.4120292056076096
1695204000000,stromverbrauch_gesamt,0.48727967868978794
1695207600000,stromverbrauch_gesamt,0.45072927359740333
1695211200000,stromverbrauch_gesamt,0.4387442495125242
1695214800000,stromverbrauch_gesamt,0.8029068783069988
1695218400000,stromverbrauch_gesamt,0.9410305418718963
1695222000000,stromverbrauch_gesamt,0.48413041993865136
1695225600000,stromverbrauch_gesamt,0.8640332270513227
1695229200000,stromverbrauch_gesamt,1.0949915254237794
1695232800000,stromverbrauch_gesamt,0.4834999999999354
1695236400000,stromverbrauch_gesamt,0.39999999999997726
1695240000000,stromverbrauch_gesamt,0.45000000000015916
1695243600000,stromverbrauch_gesamt,0.4499999999999318
1695247200000,stromverbrauch_gesamt,0.35000000000002274
1695250800000,stromverbrauch_gesamt,0.34999999999990905
1695254400000,stromverbrauch_gesamt,0.35000000000002274
1695258000000,stromverbrauch_gesamt,0.3000000000000682
1695261600000,stromverbrauch_gesamt,0.2999999999999545
1695265200000,stromverbrauch_gesamt,0.3000000000000682
1695268800000,stromverbrauch_gesamt,0.39999999999997726
1695272400000,stromverbrauch_gesamt,0.5019999999999527
1695276000000,stromverbrauch_gesamt,0.38032307692321865
1695279600000,stromverbrauch_gesamt,0.258760256410028
1695283200000,stromverbrauch_gesamt,0.327029569892602
1695286800000,stromverbrauch_gesamt,0.40118255131960723
1695290400000,stromverbrauch_gesamt,0.3651889204543295
1695294000000,stromverbrauch_gesamt,0.28941358418410346
1695297600000,stromverbrauch_gesamt,0.33210204081603933
1695301200000,stromverbrauch_gesamt,0.32965625000031196
1695304800000,stromverbrauch_gesamt,0.32892067307659545
1695308400000,stromverbrauch_gesamt,0.23942307692323084
1695312000000,stromverbrauch_gesamt,0.7330909090908335
1695315600000,stromverbrauch_gesamt,1.090909090909122
1695319200000,stromverbrauch_gesamt,1.150000000000091
1695322800000,stromverbrauch_gesamt,0.9499999999998181
1695326400000,stromverbrauch_gesamt,0.5500000000000682
1695330000000,stromverbrauch_gesamt,0.39999999999997726
1695333600000,stromverbrauch_gesamt,0.2700000000000955
1695337200000,stromverbrauch_gesamt,0.37999999999988177
1695340800000,stromverbrauch_gesamt,0.20000000000015916
1695344400000,stromverbrauch_gesamt,0.29999999999984084
1695348000000,stromverbrauch_gesamt,0.35000000000002274
1695351600000,stromverbrauch_gesamt,0.3500000000001364
1695355200000,stromverbrauch_gesamt,0.3749999999998863
1695358800000,stromverbrauch_gesamt,0.22500000000002274
1695362400000,stromverbrauch_gesamt,0.5174615384614754
1695366000000,stromverbrauch_gesamt,0.4313384615384166
1695369600000,stromverbrauch_gesamt,0.30077407407429746
1695373200000,stromverbrauch_gesamt,0.8948187830687857
1695376800000,stromverbrauch_gesamt,0.9812836134451572
1695380400000,stromverbrauch_gesamt,0.6011470588235852
1695384000000,stromverbrauch_gesamt,0.3133077837195515
1695387600000,stromverbrauch_gesamt,0.3312833210148938
1695391200000,stromverbrauch_gesamt,0.3637648530334445
1695394800000,stromverbrauch_gesamt,0.3673468286098114
1695398400000,stromverbrauch_gesamt,1.0536924342104612
1695402000000,stromverbrauch_gesamt,0.9039812500000153
1695405600000,stromverbrauch_gesamt,1.4100500000000693
1695409200000,stromverbrauch_gesamt,1.0437500000000455
1695412800000,stromverbrauch_gesamt,0.39999999999997726
1695416400000,stromverbrauch_gesamt,0.25
1695420000000,stromverbrauch_gesamt,0.3000000000000682
1695423600000,stromverbrauch_gesamt,0.20000000000004547
1695427200000,stromverbrauch_gesamt,0.1999999999998181
1695430800000,stromverbrauch_gesamt,0.2500000000001137
1695434400000,stromverbrauch_gesamt,0.2999999999999545
1695438000000,stromverbrauch_gesamt,0.2500000000001137
1695441600000,stromverbrauch_gesamt,0.18999999999994088
1695445200000,stromverbrauch_gesamt,0.47387499999990723
1695448800000,stromverbrauch_gesamt,0.30987076271219394
1695452400000,stromverbrauch_gesamt,0.2763125706212577
1695456000000,stromverbrauch_gesamt,0.2815934523808892
1695459600000,stromverbrauch_gesamt,0.3244766546526989
1695463200000,stromverbrauch_gesamt,0.3466379147732823
1695466800000,stromverbrauch_gesamt,0.3457222812232885
1695470400000,stromverbrauch_gesamt,0.35173671574909804
1695474000000,stromverbrauch_gesamt,0.23449687010941034
1695477600000,stromverbrauch_gesamt,0.4519904214560029
1695481200000,stromverbrauch_gesamt,0.30816077404369935
1695484800000,stromverbrauch_gesamt,0.45087658227816974
1695488400000,stromverbrauch_gesamt,0.5112500000000182
1695492000000,stromverbrauch_gesamt,0.40000000000009095
1695495600000,stromverbrauch_gesamt,0.34999999999990905
1695499200000,stromverbrauch_gesamt,0.3000000000000682
1695502800000,stromverbrauch_gesamt,0.3000000000000682
1695506400000,stromverbrauch_gesamt,0.2499999999998863
1695510000000,stromverbrauch_gesamt,0.2500000000001137
1695513600000,stromverbrauch_gesamt,0.2499999999998863
1695517200000,stromverbrauch_gesamt,0.2500000000001137
1695520800000,stromverbrauch_gesamt,0.2499999999998863
1695524400000,stromverbrauch_gesamt,0.20000000000004547
1695528000000,stromverbrauch_gesamt,0.2999999999999545
1695531600000,stromverbrauch_gesamt,0.45100000000002183
1695535200000,stromverbrauch_gesamt,0.685929824561299
1695538800000,stromverbrauch_gesamt,0.6865495142814098
1695542400000,stromverbrauch_gesamt,0.6945373278239231
1695546000000,stromverbrauch_gesamt,0.40296609195388555
1695549600000,stromverbrauch_gesamt,0.37623572877430433
1695553200000,stromverbrauch_gesamt,0.29141944363971106
1695556800000,stromverbrauch_gesamt,0.23112992610811034
1695560400000,stromverbrauch_gesamt,0.3615721428574261
1695564000000,stromverbrauch_gesamt,0.4095599999999422
1695567600000,stromverbrauch_gesamt,0.28845789473689365
1695571200000,stromverbrauch_gesamt,0.23299924812022255
1695574800000,stromverbrauch_gesamt,0.33814285714288417
1695578400000,stromverbrauch_gesamt,0.4835000000000491
1695582000000,stromverbrauch_gesamt,0.34999999999990905
1695585600000,stromverbrauch_gesamt,0.35000000000002274
1695589200000,stromverbrauch_gesamt,0.35000000000002274
1695592800000,stromverbrauch_gesamt,0.2999999999999545
1695596400000,stromverbrauch_gesamt,0.31999999999993634
1695600000000,stromverbrauch_gesamt,0.3300000000000409
1695603600000,stromverbrauch_gesamt,0.20000000000004547
1695607200000,stromverbrauch_gesamt,0.20000000000004547
1695610800000,stromverbrauch_gesamt,0.2999999999999545
1695614400000,stromverbrauch_gesamt,0.39999999999997726
1695618000000,stromverbrauch_gesamt,1.6373000000000957
1695621600000,stromverbrauch_gesamt,1.4065113207545892
1695625200000,stromverbrauch_gesamt,0.37713783178730864
1695628800000,stromverbrauch_gesamt,0.665294544936728
1695632400000,stromverbrauch_gesamt,1.0416111412308737
1695636000000,stromverbrauch_gesamt,1.1459402432575416
1695639600000,stromverbrauch_gesamt,0.9846807244845195
1695643200000,stromverbrauch_gesamt,1.3117328892005844
1695646800000,stromverbrauch_gesamt,0.5650697853603788
1695650400000,stromverbrauch_gesamt,1.2351731318907468
1695654000000,stromverbrauch_gesamt,0.7059461143693397
1695657600000,stromverbrauch_gesamt,1.6193522727272693
1695661200000,stromverbrauch_gesamt,2.6183611111111986
1695664800000,stromverbrauch_gesamt,1.4758888888886759
1695668400000,stromverbrauch_gesamt,0.5000000000002274
1695672000000,stromverbrauch_gesamt,0.37999999999988177
1695675600000,stromverbrauch_gesamt,0.25
1695679200000,stromverbrauch_gesamt,0.25
1695682800000,stromverbrauch_gesamt,0.25
1695686400000,stromverbrauch_gesamt,0.25
1695690000000,stromverbrauch_gesamt,0.25
1695693600000,stromverbrauch_gesamt,0.20000000000004547
1695697200000,stromverbrauch_gesamt,0.35000000000002274
1695700800000,stromverbrauch_gesamt,0.4500000000000455
1695704400000,stromverbrauch_gesamt,0.9752499999998463
1695708000000,stromverbrauch_gesamt,0.9665051020407418
1695711600000,stromverbrauch_gesamt,0.7750226757368637
1695715200000,stromverbrauch_gesamt,0.5728104575163115
1695718800000,stromverbrauch_gesamt,0.9668956356734952
1695722400000,stromverbrauch_gesamt,1.0880533191152608
1695726000000,stromverbrauch_gesamt,0.5890826446278652
1695729600000,stromverbrauch_gesamt,0.5706433231842993
1695733200000,stromverbrauch_gesamt,0.774426982950331
1695736800000,stromverbrauch_gesamt,0.3531789067740192
1695740400000,stromverbrauch_gesamt,0.7354186236137821
1695744000000,stromverbrauch_gesamt,0.9694266144814492
1695747600000,stromverbrauch_gesamt,1.8342857142858975
1695751200000,stromverbrauch_gesamt,1.4999999999997726
1695754800000,stromverbrauch_gesamt,1.1000000000001364
1695758400000,stromverbrauch_gesamt,0.9999999999997726
1695762000000,stromverbrauch_gesamt,0.5000000000001137
1695765600000,stromverbrauch_gesamt,0.25
1695769200000,stromverbrauch_gesamt,0.20000000000004547
1695772800000,stromverbrauch_gesamt,0.20000000000004547
1695776400000,stromverbrauch_gesamt,0.29999999999984084
1695780000000,stromverbrauch_gesamt,0.27500000000009095
1695783600000,stromverbrauch_gesamt,0.375
1695787200000,stromverbrauch_gesamt,0.6000000000000227
1695790800000,stromverbrauch_gesamt,0.5752499999999827
1695794400000,stromverbrauch_gesamt,0.4205735294117403
1695798000000,stromverbrauch_gesamt,0.16580568407141527
1695801600000,stromverbrauch_gesamt,0.3225438634397051
1695805200000,stromverbrauch_gesamt,0.37087692307704856
1695808800000,stromverbrauch_gesamt,0.3292696721310904
1695812400000,stromverbrauch_gesamt,0.5196464295638634
1695816000000,stromverbrauch_gesamt,0.2873966434032127
1695819600000,stromverbrauch_gesamt,0.31543270944735013
1695823200000,stromverbrauch_gesamt,1.0203545454544383
1695826800000,stromverbrauch_gesamt,0.3388844827588855
1695830400000,stromverbrauch_gesamt,0.3027780172412804
1695834000000,stromverbrauch_gesamt,0.8631874999999809
1695837600000,stromverbrauch_gesamt,1.7999999999999545
1695841200000,stromverbrauch_gesamt,1.900000000000091
1695844800000,stromverbrauch_gesamt,1.1499999999999773
1695848400000,stromverbrauch_gesamt,0.7499999999998863
1695852000000,stromverbrauch_gesamt,0.8000000000000682
1695855600000,stromverbrauch_gesamt,0.5500000000000682
1695859200000,stromverbrauch_gesamt,0.34999999999990905
1695862800000,stromverbrauch_gesamt,0.20000000000015916
1695866400000,stromverbrauch_gesamt,0.29999999999984084
1695870000000,stromverbrauch_gesamt,0.35000000000002274
1695873600000,stromverbrauch_gesamt,0.3000000000000682
1695877200000,stromverbrauch_gesamt,0.33019999999987704
1695880800000,stromverbrauch_gesamt,0.3503000000000611
1695884400000,stromverbrauch_gesamt,0.21588392857142935
1695888000000,stromverbrauch_gesamt,0.29826208912777474
1695891600000,stromverbrauch_gesamt,0.3605974605616211
1695895200000,stromverbrauch_gesamt,0.33621598119873397
1695898800000,stromverbrauch_gesamt,0.3472442442441661
1695902400000,stromverbrauch_gesamt,0.33332459818291227
1695906000000,stromverbrauch_gesamt,0.3365614417029974
1695909600000,stromverbrauch_gesamt,0.30292973692951364
1695913200000,stromverbrauch_gesamt,1.0276687547749361
1695916800000,stromverbrauch_gesamt,1.1242900255754193
1695920400000,stromverbrauch_gesamt,0.7345217391304004
1695924000000,stromverbrauch_gesamt,0.9500000000000455
1695927600000,stromverbrauch_gesamt,1.0500000000000682
1695931200000,stromverbrauch_gesamt,0.7499999999998863
1695934800000,stromverbrauch_gesamt,0.5000000000001137
1695938400000,stromverbrauch_gesamt,0.6999999999999318
1695942000000,stromverbrauch_gesamt,0.7999999999999545
1695945600000,stromverbrauch_gesamt,0.4500000000000455
1695949200000,stromverbrauch_gesamt,0.2500000000001137
1695952800000,stromverbrauch_gesamt,0.2499999999998863
1695956400000,stromverbrauch_gesamt,0.2500000000001137
1695960000000,stromverbrauch_gesamt,0.2499999999998863
1695963600000,stromverbrauch_gesamt,0.35000000000002274
1695967200000,stromverbrauch_gesamt,0.4127857142857465
1695970800000,stromverbrauch_gesamt,0.3001967418545064
1695974400000,stromverbrauch_gesamt,0.4975854450939323
1695978000000,stromverbrauch_gesamt,0.8841736717994308
1695981600000,stromverbrauch_gesamt,0.30385393258427484
1695985200000,stromverbrauch_gesamt,0.5085211610492024
1695988800000,stromverbrauch_gesamt,0.4843833333330849
1695992400000,stromverbrauch_gesamt,0.5961585365853352
1695996000000,stromverbrauch_gesamt,0.6236173254834512
1695999600000,stromverbrauch_gesamt,0.7302829614604889
1696003200000,stromverbrauch_gesamt,1.6589674922601034
1696006800000,stromverbrauch_gesamt,1.3374736842104085
1696010400000,stromverbrauch_gesamt,0.7142857142857792
1696014000000,stromverbrauch_gesamt,0.505714285714248
1696017600000,stromverbrauch_gesamt,0.8030769230767874
1696021200000,stromverbrauch_gesamt,1.0269230769231399
1696024800000,stromverbrauch_gesamt,0.5499999999999545
1696028400000,stromverbrauch_gesamt,0.3000000000001819
1696032000000,stromverbrauch_gesamt,0.25
1696035600000,stromverbrauch_gesamt,0.25
1696039200000,stromverbrauch_gesamt,0.3000000000000682
1696042800000,stromverbrauch_gesamt,0.29999999999984084
1696046400000,stromverbrauch_gesamt,0.25
1696050000000,stromverbrauch_gesamt,0.47525000000007367
1696053600000,stromverbrauch_gesamt,0.49212777777768224
1696057200000,stromverbrauch_gesamt,0.29755265700475775
1696060800000,stromverbrauch_gesamt,0.28886788454519774
1696064400000,stromverbrauch_gesamt,0.32839466312793775
1696068000000,stromverbrauch_gesamt,0.39494261076504245
1696071600000,stromverbrauch_gesamt,0.3899014438162567
1696075200000,stromverbrauch_gesamt,0.450391534391656
1696078800000,stromverbrauch_gesamt,0.3960592334494777
1696082400000,stromverbrauch_gesamt,0.3257483062333222
1696086000000,stromverbrauch_gesamt,0.4543500957854576
1696089600000,stromverbrauch_gesamt,0.7407822141558427
1696093200000,stromverbrauch_gesamt,0.4451315789473256
1696096800000,stromverbrauch_gesamt,0.3754999999999882
1696100400000,stromverbrauch_gesamt,0.32500000000015916
1696104000000,stromverbrauch_gesamt,0.4499999999998181
1696107600000,stromverbrauch_gesamt,0.7000000000000455
1696111200000,stromverbrauch_gesamt,0.75
1696114800000,stromverbrauch_gesamt,0.5500000000000682
1696118400000,stromverbrauch_gesamt,0.34999999999990905
1696122000000,stromverbrauch_gesamt,0.3000000000000682
1696125600000,stromverbrauch_gesamt,0.2999999999999545
1696129200000,stromverbrauch_gesamt,0.25
1696132800000,stromverbrauch_gesamt,0.3000000000000682
1696136400000,stromverbrauch_gesamt,0.4834999999999354
1696140000000,stromverbrauch_gesamt,0.882717391304368
1696143600000,stromverbrauch_gesamt,0.27274782608685655
1696147200000,stromverbrauch_gesamt,0.29675978260911506
1696150800000,stromverbrauch_gesamt,0.31292754237256304
1696154400000,stromverbrauch_gesamt,0.3796440677966757
1696158000000,stromverbrauch_gesamt,0.3095700564969093
1696161600000,stromverbrauch_gesamt,0.3459452145217483
1696165200000,stromverbrauch_gesamt,0.3718003637096672
1696168800000,stromverbrauch_gesamt,0.2878271490415045
1696172400000,stromverbrauch_gesamt,0.23102651515159778
1696176000000,stromverbrauch_gesamt,1.134117424242163
1696179600000,stromverbrauch_gesamt,0.7004166666669107
1696183200000,stromverbrauch_gesamt,0.5169999999999391
1696186800000,stromverbrauch_gesamt,0.4499999999999318
1696190400000,stromverbrauch_gesamt,0.35000000000002274
1696194000000,stromverbrauch_gesamt,0.3000000000001819
1696197600000,stromverbrauch_gesamt,0.34999999999979536
1696201200000,stromverbrauch_gesamt,0.35000000000002274
1696204800000,stromverbrauch_gesamt,0.2500000000001137
1696208400000,stromverbrauch_gesamt,0.2499999999998863
1696212000000,stromverbrauch_gesamt,0.2500000000001137
1696215600000,stromverbrauch_gesamt,0.1999999999998181
1696219200000,stromverbrauch_gesamt,0.15000000000009095
1696222800000,stromverbrauch_gesamt,0.36039999999991323
1696226400000,stromverbrauch_gesamt,0.6791400000000749
1696230000000,stromverbrauch_gesamt,0.29483614678883896
1696233600000,stromverbrauch_gesamt,0.30412385321096735
1696237200000,stromverbrauch_gesamt,0.868453125000201
1696240800000,stromverbrauch_gesamt,0.8060791330644861
1696244400000,stromverbrauch_gesamt,0.6536950146629579
1696248000000,stromverbrauch_gesamt,0.29473067119761254
1696251600000,stromverbrauch_gesamt,0.3724185992849698
1696255200000,stromverbrauch_gesamt,0.32996761263427743
1696258800000,stromverbrauch_gesamt,0.21848917748911845
1696262400000,stromverbrauch_gesamt,0.33314492753618197
1696266000000,stromverbrauch_gesamt,0.5503217391303679
1696269600000,stromverbrauch_gesamt,0.38019999999994525
1696273200000,stromverbrauch_gesamt,0.35000000000002274
1696276800000,stromverbrauch_gesamt,0.40000000000009095
1696280400000,stromverbrauch_gesamt,0.39999999999997726
1696284000000,stromverbrauch_gesamt,0.34999999999990905
1696287600000,stromverbrauch_gesamt,0.3000000000000682
1696291200000,stromverbrauch_gesamt,0.2999999999999545
1696294800000,stromverbrauch_gesamt,0.2500000000001137
1696298400000,stromverbrauch_gesamt,0.20000000000004547
1696302000000,stromverbrauch_gesamt,0.2499999999998863
1696305600000,stromverbrauch_gesamt,0.2500000000001137
1696309200000,stromverbrauch_gesamt,0.2499999999998863
1696312800000,stromverbrauch_gesamt,0.35800000000006094
1696316400000,stromverbrauch_gesamt,0.660304347826127
1696320000000,stromverbrauch_gesamt,1.0411756521739335
1696323600000,stromverbrauch_gesamt,0.9939317647057351
1696327200000,stromverbrauch_gesamt,0.7369215686275083
1696330800000,stromverbrauch_gesamt,0.6158541666666224
1696334400000,stromverbrauch_gesamt,1.0057187500000282
1696338000000,stromverbrauch_gesamt,1.2489032738095602
1696341600000,stromverbrauch_gesamt,0.8073526383526541
1696345200000,stromverbrauch_gesamt,1.233201474201337
1696348800000,stromverbrauch_gesamt,1.7114935064935253
1696352400000,stromverbrauch_gesamt,2.0371428571428396
1696356000000,stromverbrauch_gesamt,2.050000000000068
1696359600000,stromverbrauch_gesamt,2
1696363200000,stromverbrauch_gesamt,1.3999999999998636
1696366800000,stromverbrauch_gesamt,1.0500000000000682
1696370400000,stromverbrauch_gesamt,0.6000000000000227
1696374000000,stromverbrauch_gesamt,0.35000000000002274
1696377600000,stromverbrauch_gesamt,0.2500000000001137
1696381200000,stromverbrauch_gesamt,0.2499999999998863
1696384800000,stromverbrauch_gesamt,0.20000000000004547
1696388400000,stromverbrauch_gesamt,0.25
1696392000000,stromverbrauch_gesamt,0.35000000000002274
1696395600000,stromverbrauch_gesamt,0.34999999999990905
1696399200000,stromverbrauch_gesamt,0.35912903225801074
1696402800000,stromverbrauch_gesamt,0.27733525345638554
1696406400000,stromverbrauch_gesamt,0.3818307962525296
1696410000000,stromverbrauch_gesamt,0.33679813837227357
1696413600000,stromverbrauch_gesamt,0.3809795069333859
1696417200000,stromverbrauch_gesamt,0.4309157784746276
1696420800000,stromverbrauch_gesamt,0.42161588985720755
1696424400000,stromverbrauch_gesamt,0.3869443848833498
1696428000000,stromverbrauch_gesamt,0.4014512195124098
1696431600000,stromverbrauch_gesamt,0.9760487804879858
1696435200000,stromverbrauch_gesamt,0.5735512195118417
1696438800000,stromverbrauch_gesamt,0.475400000000036
1696442400000,stromverbrauch_gesamt,0.30999999999994543
1696446000000,stromverbrauch_gesamt,0.7142857142857792
1696449600000,stromverbrauch_gesamt,1.085714285714289
1696453200000,stromverbrauch_gesamt,0.6000000000000227
1696456800000,stromverbrauch_gesamt,0.5499999999999545
1696460400000,stromverbrauch_gesamt,0.4499999999999318
1696464000000,stromverbrauch_gesamt,0.20000000000004547
1696467600000,stromverbrauch_gesamt,0.2500000000001137
1696471200000,stromverbrauch_gesamt,0.2999999999999545
1696474800000,stromverbrauch_gesamt,0.20000000000004547
1696478400000,stromverbrauch_gesamt,0.1999999999999318
1696482000000,stromverbrauch_gesamt,0.3000000000001819
1696485600000,stromverbrauch_gesamt,0.4993124999999736
1696489200000,stromverbrauch_gesamt,0.30743749999965075
1696492800000,stromverbrauch_gesamt,0.29905198019821455
1696496400000,stromverbrauch_gesamt,0.35537983798371897
1696500000000,stromverbrauch_gesamt,0.46450072150071264
1696503600000,stromverbrauch_gesamt,0.3379401018268027
1696507200000,stromverbrauch_gesamt,0.2962460453593394
1696510800000,stromverbrauch_gesamt,0.3168328056684686
1696514400000,stromverbrauch_gesamt,0.3103623372505808
1696518000000,stromverbrauch_gesamt,0.28393617021265527
1696521600000,stromverbrauch_gesamt,0.38012499999967986
1696525200000,stromverbrauch_gesamt,1.0678750000000719
1696528800000,stromverbrauch_gesamt,0.6499999999999773
1696532400000,stromverbrauch_gesamt,0.40000000000009095
1696536000000,stromverbrauch_gesamt,0.34999999999979536
1696539600000,stromverbrauch_gesamt,0.40000000000009095
1696543200000,stromverbrauch_gesamt,0.35000000000002274
1696546800000,stromverbrauch_gesamt,0.2499999999998863
1696550400000,stromverbrauch_gesamt,0.2500000000001137
1696554000000,stromverbrauch_gesamt,0.2499999999998863
1696557600000,stromverbrauch_gesamt,0.2500000000001137
1696561200000,stromverbrauch_gesamt,0.2499999999998863
1696564800000,stromverbrauch_gesamt,0.2500000000001137
1696568400000,stromverbrauch_gesamt,0.5376249999999345
1696572000000,stromverbrauch_gesamt,0.9210558510638975
1696575600000,stromverbrauch_gesamt,0.6151247044915635
1696579200000,stromverbrauch_gesamt,0.47749444444480105
1696582800000,stromverbrauch_gesamt,0.38461666666626115
1696586400000,stromverbrauch_gesamt,0.3874916666667332
1696590000000,stromverbrauch_gesamt,0.3640790616245795
1696593600000,stromverbrauch_gesamt,0.3173901560628565
1696597200000,stromverbrauch_gesamt,0.32343751747237093
1696600800000,stromverbrauch_gesamt,0.29131179717830946
1696604400000,stromverbrauch_gesamt,0.30453313432849427
1696608000000,stromverbrauch_gesamt,0.677490000000148
1696611600000,stromverbrauch_gesamt,0.7703500000000076
1696615200000,stromverbrauch_gesamt,0.4499999999999318
1696618800000,stromverbrauch_gesamt,0.3500000000001364
1696622400000,stromverbrauch_gesamt,0.35000000000002274
1696626000000,stromverbrauch_gesamt,0.34999999999990905
1696629600000,stromverbrauch_gesamt,0.3000000000000682
1696633200000,stromverbrauch_gesamt,0.27499999999997726
1696636800000,stromverbrauch_gesamt,0.3249999999999318
1696640400000,stromverbrauch_gesamt,0.2500000000001137
1696644000000,stromverbrauch_gesamt,0.2499999999998863
1696647600000,stromverbrauch_gesamt,0.2500000000001137
1696651200000,stromverbrauch_gesamt,0.2499999999998863
1696654800000,stromverbrauch_gesamt,0.3000000000001819
1696658400000,stromverbrauch_gesamt,0.719631578947201
1696662000000,stromverbrauch_gesamt,0.7604765291608828
1696665600000,stromverbrauch_gesamt,0.5780118918917196
1696669200000,stromverbrauch_gesamt,0.3523004545454569
1696672800000,stromverbrauch_gesamt,0.2952045454543395
1696676400000,stromverbrauch_gesamt,0.34707838983081274
1696680000000,stromverbrauch_gesamt,0.2767866101693244
1696683600000,stromverbrauch_gesamt,0.3348281818182386
1696687200000,stromverbrauch_gesamt,0.3109571805006226
1696690800000,stromverbrauch_gesamt,0.2562152037189662
1696694400000,stromverbrauch_gesamt,0.30322371967668005
1696698000000,stromverbrauch_gesamt,1.0332857142856255
1696701600000,stromverbrauch_gesamt,1.1000000000002501
1696705200000,stromverbrauch_gesamt,0.4833333333331211
1696708800000,stromverbrauch_gesamt,0.41666666666662877
1696712400000,stromverbrauch_gesamt,0.25
1696716000000,stromverbrauch_gesamt,0.3000000000000682
1696719600000,stromverbrauch_gesamt,0.2999999999999545
1696723200000,stromverbrauch_gesamt,0.20000000000004547
1696726800000,stromverbrauch_gesamt,0.2499999999998863
1696730400000,stromverbrauch_gesamt,0.2500000000001137
1696734000000,stromverbrauch_gesamt,0.2999999999999545
1696737600000,stromverbrauch_gesamt,0.34999999999990905
1696741200000,stromverbrauch_gesamt,0.3500000000001364
1696744800000,stromverbrauch_gesamt,0.43985714285724953
1696748400000,stromverbrauch_gesamt,0.33547619047624266
1696752000000,stromverbrauch_gesamt,0.33330744336535645
1696755600000,stromverbrauch_gesamt,0.7826031257401382
1696759200000,stromverbrauch_gesamt,2.2890604453870083
1696762800000,stromverbrauch_gesamt,0.6441382751245328
1696766400000,stromverbrauch_gesamt,0.7805466243611363
1696770000000,stromverbrauch_gesamt,1.1039429560777307
1696773600000,stromverbrauch_gesamt,1.0344795613166298
1696777200000,stromverbrauch_gesamt,2.84724894957958
1696780800000,stromverbrauch_gesamt,1.3802340225564649
1696784400000,stromverbrauch_gesamt,1.1051052631578386
1696788000000,stromverbrauch_gesamt,1.2000000000000455
1696791600000,stromverbrauch_gesamt,1.25
1696795200000,stromverbrauch_gesamt,0.7999999999999545
1696798800000,stromverbrauch_gesamt,0.5000000000001137
1696802400000,stromverbrauch_gesamt,0.29999999999984084
1696806000000,stromverbrauch_gesamt,0.3000000000000682
1696809600000,stromverbrauch_gesamt,0.25
1696813200000,stromverbrauch_gesamt,0.1999999999999318
1696816800000,stromverbrauch_gesamt,0.25
1696820400000,stromverbrauch_gesamt,0.25
1696824000000,stromverbrauch_gesamt,0.20000000000004547
1696827600000,stromverbrauch_gesamt,0.3000000000000682
1696831200000,stromverbrauch_gesamt,0.43115384615373387
1696834800000,stromverbrauch_gesamt,0.2697461538460857
1696838400000,stromverbrauch_gesamt,0.31506491228105915
1696842000000,stromverbrauch_gesamt,0.4619610136450092
1696845600000,stromverbrauch_gesamt,0.3592002001998935
1696849200000,stromverbrauch_gesamt,0.3552977869177312
1696852800000,stromverbrauch_gesamt,0.30786003757373237
1696856400000,stromverbrauch_gesamt,0.3602160493826432
1696860000000,stromverbrauch_gesamt,0.4173360655737497
1696863600000,stromverbrauch_gesamt,0.3025957526079992
1696867200000,stromverbrauch_gesamt,0.5509366028710474
1696870800000,stromverbrauch_gesamt,1.2407085020241766
1696874400000,stromverbrauch_gesamt,0.7769230769230262
1696878000000,stromverbrauch_gesamt,0.36000000000012733
1696881600000,stromverbrauch_gesamt,0.35999999999978627
1696885200000,stromverbrauch_gesamt,0.3000000000000682
1696888800000,stromverbrauch_gesamt,0.40000000000020464
1696892400000,stromverbrauch_gesamt,0.37999999999988177
1696896000000,stromverbrauch_gesamt,0.25
1696899600000,stromverbrauch_gesamt,0.25
1696903200000,stromverbrauch_gesamt,0.2333333333332348
1696906800000,stromverbrauch_gesamt,0.21666666666681067
1696910400000,stromverbrauch_gesamt,0.2500000000001137
1696914000000,stromverbrauch_gesamt,0.3999999999998636
1696917600000,stromverbrauch_gesamt,0.3694090909090164
1696921200000,stromverbrauch_gesamt,0.3842309090911158
1696924800000,stromverbrauch_gesamt,0.26044196721272783
1696928400000,stromverbrauch_gesamt,0.3803442622952389
1696932000000,stromverbrauch_gesamt,0.2518339330932804
1696935600000,stromverbrauch_gesamt,0.3417924689774736
1696939200000,stromverbrauch_gesamt,0.5104990925591437
1696942800000,stromverbrauch_gesamt,0.20912752114475097
1696946400000,stromverbrauch_gesamt,0.3445749920053913
1696950000000,stromverbrauch_gesamt,0.2058155301536999
1696957200000,stromverbrauch_gesamt,0.7179302325580466
1696960800000,stromverbrauch_gesamt,0.5000000000001137
1696964400000,stromverbrauch_gesamt,0.4499999999998181
1696968000000,stromverbrauch_gesamt,0.5
1696971600000,stromverbrauch_gesamt,0.40000000000009095
1696975200000,stromverbrauch_gesamt,0.5500000000000682
1696978800000,stromverbrauch_gesamt,0.5499999999999545
1696982400000,stromverbrauch_gesamt,0.8999999999999773
1696986000000,stromverbrauch_gesamt,0.3500000000001364
1696989600000,stromverbrauch_gesamt,0.2499999999998863
1696993200000,stromverbrauch_gesamt,0.3000000000000682
1696996800000,stromverbrauch_gesamt,0.35000000000002274
1697000400000,stromverbrauch_gesamt,0.3785714285713766
1697004000000,stromverbrauch_gesamt,0.4467619047620701
1697007600000,stromverbrauch_gesamt,0.25741666666647234
1697011200000,stromverbrauch_gesamt,0.22870689655178467
1697014800000,stromverbrauch_gesamt,0.3295267100058936
1697018400000,stromverbrauch_gesamt,0.37494076319001124
1697022000000,stromverbrauch_gesamt,0.2729383753505772
1697025600000,stromverbrauch_gesamt,0.2546372549018088
1697029200000,stromverbrauch_gesamt,0.2945701754383663
1697032800000,stromverbrauch_gesamt,0.34592982456160826
1697036400000,stromverbrauch_gesamt,0.32090322580620523
1697040000000,stromverbrauch_gesamt,0.23609677419381114
1697043600000,stromverbrauch_gesamt,0.51299999999992
1697047200000,stromverbrauch_gesamt,0.585714285714289
1697050800000,stromverbrauch_gesamt,0.6253968253968196
1697054400000,stromverbrauch_gesamt,0.6888888888888687
1697058000000,stromverbrauch_gesamt,0.5
1697061600000,stromverbrauch_gesamt,0.4500000000000455
1697065200000,stromverbrauch_gesamt,0.35000000000002274
1697068800000,stromverbrauch_gesamt,0.2999999999999545
1697072400000,stromverbrauch_gesamt,0.35000000000002274
1697076000000,stromverbrauch_gesamt,0.35000000000002274
1697079600000,stromverbrauch_gesamt,0.25
1697083200000,stromverbrauch_gesamt,0.34999999999990905
1697086800000,stromverbrauch_gesamt,0.6000000000000227
1697090400000,stromverbrauch_gesamt,0.6000000000000227
1697094000000,stromverbrauch_gesamt,0.48269999999990887
1697097600000,stromverbrauch_gesamt,0.4613000000001648
1697101200000,stromverbrauch_gesamt,0.3682413793104615
1697104800000,stromverbrauch_gesamt,0.411485893416625
1697108400000,stromverbrauch_gesamt,0.2893155844157036
1697112000000,stromverbrauch_gesamt,0.2650006211182472
1697115600000,stromverbrauch_gesamt,0.8883043478259651
1697119200000,stromverbrauch_gesamt,1.1365612648221486
1697122800000,stromverbrauch_gesamt,0.8244593301435543
1697126400000,stromverbrauch_gesamt,0.5216315789473356
1697130000000,stromverbrauch_gesamt,0.4499999999998181
1697133600000,stromverbrauch_gesamt,0.5500000000000682
1697137200000,stromverbrauch_gesamt,0.5500000000000682
1697140800000,stromverbrauch_gesamt,0.34999999999990905
1697144400000,stromverbrauch_gesamt,0.38333333333343944
1697148000000,stromverbrauch_gesamt,0.36666666666656056
1697151600000,stromverbrauch_gesamt,0.3500000000001364
1697155200000,stromverbrauch_gesamt,0.2499999999998863
1697158800000,stromverbrauch_gesamt,0.2500000000001137
1697162400000,stromverbrauch_gesamt,0.31999999999993634
1697166000000,stromverbrauch_gesamt,0.2799999999999727
1697169600000,stromverbrauch_gesamt,0.27499999999997726
1697173200000,stromverbrauch_gesamt,0.27499999999997726
1697176800000,stromverbrauch_gesamt,0.43671428571428805
1697180400000,stromverbrauch_gesamt,0.18328571428583018
1697184000000,stromverbrauch_gesamt,0.5183499999998276
1697187600000,stromverbrauch_gesamt,0.7807525641027269
1697191200000,stromverbrauch_gesamt,0.7610935143288771
1697194800000,stromverbrauch_gesamt,0.45998392156820955
1697198400000,stromverbrauch_gesamt,0.47053111111154067
1697202000000,stromverbrauch_gesamt,0.4100031746032755
1697205600000,stromverbrauch_gesamt,0.35378571428566374
1697209200000,stromverbrauch_gesamt,0.272730769230634
1697212800000,stromverbrauch_gesamt,0.3387692307691168
1697216400000,stromverbrauch_gesamt,0.35000000000002274
1697220000000,stromverbrauch_gesamt,0.8999999999999773
1697223600000,stromverbrauch_gesamt,1.0600000000000591
1697227200000,stromverbrauch_gesamt,0.6399999999999864
1697230800000,stromverbrauch_gesamt,0.32000000000005
1697234400000,stromverbrauch_gesamt,0.37999999999999545
1697238000000,stromverbrauch_gesamt,0.34999999999990905
1697241600000,stromverbrauch_gesamt,0.20000000000004547
1697245200000,stromverbrauch_gesamt,0.20000000000004547
1697248800000,stromverbrauch_gesamt,0.22500000000002274
1697252400000,stromverbrauch_gesamt,0.2999999999999545
1697256000000,stromverbrauch_gesamt,0.22500000000013642
1697259600000,stromverbrauch_gesamt,0.24999999999977263
1697263200000,stromverbrauch_gesamt,0.3824000000000751
1697266800000,stromverbrauch_gesamt,0.2885736842101778
1697270400000,stromverbrauch_gesamt,0.24918881578958008
1697274000000,stromverbrauch_gesamt,0.2945171116510892
1697277600000,stromverbrauch_gesamt,0.3417537216823803
1697281200000,stromverbrauch_gesamt,0.4550481481485349
1697284800000,stromverbrauch_gesamt,0.46629934043619414
1697288400000,stromverbrauch_gesamt,0.44555251141537155
1697292000000,stromverbrauch_gesamt,0.37694871794838036
1697295600000,stromverbrauch_gesamt,0.31871794871824477
1697299200000,stromverbrauch_gesamt,0.6240000000000236
1697302800000,stromverbrauch_gesamt,0.7000000000000455
1697306400000,stromverbrauch_gesamt,0.5000000000001137
1697310000000,stromverbrauch_gesamt,0.5428571428570876
1697313600000,stromverbrauch_gesamt,0.5738095238094729
1697317200000,stromverbrauch_gesamt,0.38333333333332575
1697320800000,stromverbrauch_gesamt,0.25
1697324400000,stromverbrauch_gesamt,0.25
1697328000000,stromverbrauch_gesamt,0.25
1697331600000,stromverbrauch_gesamt,0.25
1697335200000,stromverbrauch_gesamt,0.20000000000015916
1697338800000,stromverbrauch_gesamt,0.34999999999979536
1697342400000,stromverbrauch_gesamt,0.35000000000002274
1697346000000,stromverbrauch_gesamt,0.39999999999997726
1697349600000,stromverbrauch_gesamt,0.8500000000001364
1697353200000,stromverbrauch_gesamt,0.8514374999996335
1697356800000,stromverbrauch_gesamt,0.5710625000000391
1697360400000,stromverbrauch_gesamt,0.6831363636364358
1697364000000,stromverbrauch_gesamt,1.1978550156744632
1697367600000,stromverbrauch_gesamt,0.83295733863838
1697371200000,stromverbrauch_gesamt,0.28982997057551074
1697374800000,stromverbrauch_gesamt,0.2750802858344059
1697378400000,stromverbrauch_gesamt,0.2339029304031328
1697382000000,stromverbrauch_gesamt,0.2841380952380632
1697385600000,stromverbrauch_gesamt,0.415599999999813
1697389200000,stromverbrauch_gesamt,1.0419999999999163
1697392800000,stromverbrauch_gesamt,1.1500000000002046
1697396400000,stromverbrauch_gesamt,1.0499999999999545
1697400000000,stromverbrauch_gesamt,0.75
1697403600000,stromverbrauch_gesamt,0.39999999999997726